"iso_ref","gene_ref","isoform_id","gene_id","condition_1","condition_2","gene_name","gene_biotype","iso_biotype","gene_overall_mean","gene_value_1","gene_value_2","gene_stderr_1","gene_stderr_2","gene_log2_fold_change","gene_q_value","iso_overall_mean","iso_value_1","iso_value_2","iso_stderr_1","iso_stderr_2","iso_log2_fold_change","iso_q_value","IF_overall","IF1","IF2","dIF","isoform_switch_q_value","gene_switch_q_value"
"isoComp_00000869","geneComp_00000176","ENSMUST00000122312.8","ENSMUSG00000001127.13","cerebellum","other","Araf","protein-coding",NA,89.4577735981913,92.4608178116951,88.4567588603568,4.25682217656372,3.53557885243338,-0.0638626795422597,NA,58.7538974198191,45.1952799302999,63.2734365829921,3.44367705476796,3.72579243794162,0.485336659162437,NA,0.652845,0.48545,0.708643333333333,0.223193333333333,0.0472010856985124,0.0391900269670576
"isoComp_00000873","geneComp_00000176","ENSMUST00000136451.8","ENSMUSG00000001127.13","cerebellum","other","Araf","protein-coding",NA,89.4577735981913,92.4608178116951,88.4567588603568,4.25682217656372,3.53557885243338,-0.0638626795422597,NA,12.4618584779209,21.9737637972392,9.29122337148154,3.01314278468496,0.779125732754159,-1.24094601979872,NA,0.14176,0.23873,0.109436666666667,-0.129293333333333,0.0391900269670576,0.0391900269670576
"isoComp_00001035","geneComp_00000211","ENSMUST00000128556.8","ENSMUSG00000001323.18","cerebellum","other","Srr","protein-coding",NA,19.0850567400264,15.1494304391273,20.3969321736594,2.73538213868144,0.989559431302422,0.428843764164367,NA,1.19368592125751,4.00056797410981,0.258058570306739,2.11803236205779,0.131179061890995,-3.9031863982483,NA,0.0650625,0.22672,0.0111766666666667,-0.215543333333333,0.0140229517419786,0.0140229517419786
"isoComp_00002240","geneComp_00000440","ENSMUST00000131475.2","ENSMUSG00000002797.10","cerebellum","other","Ggct","protein-coding",NA,43.7490898103762,43.1147739964391,43.9605284150218,2.90122991023928,2.74250994509271,0.0280199741351581,NA,35.3271101649451,30.1123780404944,37.0653542064287,2.25925031490646,2.25010819834272,0.299624806334425,NA,0.8138025,0.69981,0.8518,0.15199,0.0372121104171928,0.020197755077909
"isoComp_00002243","geneComp_00000440","ENSMUST00000204301.3","ENSMUSG00000002797.10","cerebellum","other","Ggct","protein-coding",NA,43.7490898103762,43.1147739964391,43.9605284150218,2.90122991023928,2.74250994509271,0.0280199741351581,NA,7.9898602270293,12.6808794555351,6.42618715086069,1.49476576622446,0.73353653039347,-0.979513866523673,NA,0.1777025,0.29206,0.139583333333333,-0.152476666666667,0.020197755077909,0.020197755077909
"isoComp_00002976","geneComp_00000576","ENSMUST00000157067.9","ENSMUSG00000003644.18","cerebellum","other","Rps6ka1","protein-coding",NA,11.5625452892508,34.9835158125076,3.75555511483188,2.76064737310306,0.473587286606947,-3.21615315348123,NA,0.222859364227437,4.74527717777294e-09,0.297145817388156,4.74527717777294e-09,0.158150342184653,4.9408511475725,NA,0.0963324324324324,0,0.132011111111111,0.132011111111111,0.0141837232319849,0.00168299292603527
"isoComp_00003120","geneComp_00000600","ENSMUST00000003964.17","ENSMUSG00000003865.17","cerebellum","other","Gys1","protein-coding",NA,32.7750717641871,12.7802764721505,39.4400035281992,1.88062248716582,4.05270241361062,1.62497797969125,NA,6.34943918983712,7.65260432910449,5.91505081008132,1.51619893589751,0.697651323727914,-0.371007285898695,NA,0.293235897435897,0.5913,0.190455172413793,-0.400844827586207,0.0355397861501072,0.0355397861501072
"isoComp_00003603","geneComp_00000683","ENSMUST00000160708.8","ENSMUSG00000004626.15","cerebellum","other","Stxbp2","protein-coding",NA,73.705815902953,18.1663058554336,92.2189859187929,2.64403819836698,13.309814253037,2.34316121853135,NA,72.5635624065526,15.4981115653574,91.5853793536176,2.41600150349066,13.2449888249792,2.56225180256883,NA,0.955139393939394,0.856611111111111,0.9920875,0.135476388888889,0.00946003744887057,0.00946003744887057
"isoComp_00003611","geneComp_00000684","ENSMUST00000136105.8","ENSMUSG00000004630.19","cerebellum","other","Pcp2","protein-coding",NA,2230.86727168264,8905.2478555561,6.07374372482315,406.176404734762,0.681040574412066,-10.5154822890335,NA,22.9362012603355,88.5313565088773,1.07114951082156,13.1591378426919,0.27144094779271,-6.35571352610938,NA,0.134113157894737,0.00974,0.178532142857143,0.168792142857143,4.26617866094925e-05,4.26617866094925e-05
"isoComp_00003771","geneComp_00000713","ENSMUST00000233984.2","ENSMUSG00000004864.14","cerebellum","other","Mapk13","protein-coding",NA,2.18353117526967,6.59051539401115,0.714536435689179,1.15201646578875,0.238723304416646,-3.18744853276331,NA,1.8200211259236,6.53536448302861,0.248240006888602,1.1735243703493,0.0817736197958835,-4.66368910452708,NA,0.6843,0.977777777777778,0.3541375,-0.623640277777778,0.0173137428277021,0.0173137428277021
"isoComp_00003800","geneComp_00000719","ENSMUST00000192274.6","ENSMUSG00000004892.14","cerebellum","other","Bcan","protein-coding",NA,50.9303197833029,46.8754470951644,52.2819440126824,2.2612654470662,2.94201702793212,0.157448514934376,NA,7.22065321883459,13.0823560794669,5.26675226529048,2.21688773217607,0.640971697279948,-1.31100258762974,NA,0.1450625,0.27295,0.102433333333333,-0.170516666666667,0.0165096079056375,0.0165096079056375
"isoComp_00003837","geneComp_00000727","ENSMUST00000126720.8","ENSMUSG00000004933.18","cerebellum","other","Matk","protein-coding",NA,19.8578417655867,1.9920825539916,25.8130948361184,0.541138643314716,1.71705850385073,3.68908854586856,NA,0.158261569600585,0.424782944889961,0.0694211111707934,0.322283735216264,0.0482350212838865,-2.45270089859539,NA,0.0561297297297297,0.285714285714286,0.00256,-0.283154285714286,0.00673210445647426,0.00673210445647426
"isoComp_00004691","geneComp_00000879","ENSMUST00000090541.12","ENSMUSG00000006057.16","cerebellum","other","Atp5g1","protein-coding",NA,1032.38665516112,1302.13069319603,942.471975816149,47.8481856455594,45.1543906752955,-0.466348403268316,NA,528.405492101926,485.947929430465,542.558012992413,18.8379936039869,26.3391483312905,0.158972574689142,NA,0.5257025,0.37332,0.576496666666667,0.203176666666667,0.000163745400172492,7.27958717815949e-05
"isoComp_00004692","geneComp_00000879","ENSMUST00000107684.2","ENSMUSG00000006057.16","cerebellum","other","Atp5g1","protein-coding",NA,1032.38665516112,1302.13069319603,942.471975816149,47.8481856455594,45.1543906752955,-0.466348403268316,NA,492.853420156956,795.948965779186,391.821571616212,36.3924148793546,22.7073889766185,-1.02246041050106,NA,0.4632475,0.60994,0.41435,-0.19559,7.27958717815949e-05,7.27958717815949e-05
"isoComp_00005450","geneComp_00001040","ENSMUST00000168166.8","ENSMUSG00000007656.14","cerebellum","other","Arpp19","protein-coding",NA,461.603267910822,274.461952299076,523.98370644807,14.8036812999624,44.1735509341014,0.932890753186055,NA,245.989305916969,224.97799839248,252.993075091799,9.79120765780513,15.2856745606336,0.169306874721746,NA,0.6155775,0.82893,0.54446,-0.28447,0.0309523192956014,0.0309523192956014
"isoComp_00007876","geneComp_00001524","ENSMUST00000015891.6","ENSMUSG00000015747.6","cerebellum","other","Vps45","protein-coding",NA,51.9371773232493,63.4829931481504,48.0885720482823,3.877968796762,2.44651398689564,-0.400603326319826,NA,35.2825962599471,29.5234954929499,37.2022965156128,2.68379390860317,2.18803651671915,0.333427308046564,NA,0.69235,0.46642,0.76766,0.30124,0.00359413389642577,0.00157722679316932
"isoComp_00007878","geneComp_00001524","ENSMUST00000140518.2","ENSMUSG00000015747.6","cerebellum","other","Vps45","protein-coding",NA,51.9371773232493,63.4829931481504,48.0885720482823,3.877968796762,2.44651398689564,-0.400603326319826,NA,16.620483333845,33.959497626037,10.8408119031144,3.15475449464631,0.930061714561322,-1.64643688721426,NA,0.3071375,0.53358,0.231656666666667,-0.301923333333333,0.00157722679316932,0.00157722679316932
"isoComp_00008286","geneComp_00001616","ENSMUST00000016781.8","ENSMUSG00000016637.8","cerebellum","other","Ift27","protein-coding",NA,52.2696702939459,67.9050803675917,47.057866936064,6.07902225974967,2.630395697717,-0.528989483579474,NA,49.8137853951854,59.592812604873,46.5541096586228,4.9226916031917,2.58539543217559,-0.356162018466919,NA,0.96469,0.88657,0.99073,0.10416,0.00218309750633274,0.000912311647252155
"isoComp_00008289","geneComp_00001616","ENSMUST00000230844.2","ENSMUSG00000016637.8","cerebellum","other","Ift27","protein-coding",NA,52.2696702939459,67.9050803675917,47.057866936064,6.07902225974967,2.630395697717,-0.528989483579474,NA,2.33900815886256,8.18666509880162,0.389789178882874,1.62262123013558,0.175232754787705,-4.35772572492784,NA,0.03334,0.11157,0.00726333333333333,-0.104306666666667,0.000912311647252155,0.000912311647252155
"isoComp_00009511","geneComp_00001888","ENSMUST00000019198.7","ENSMUSG00000019054.14","cerebellum","other","Fis1","protein-coding",NA,505.888908360324,664.001785498751,453.184615980848,33.2503771065615,16.2500561563346,-0.551078126263348,NA,435.975020752568,616.697838735467,375.734081424935,29.7949421896859,13.5968367877882,-0.714836804424896,NA,0.8543675,0.92945,0.82934,-0.10011,0.000102166609469419,0.000102166609469419
"isoComp_00009586","geneComp_00001902","ENSMUST00000019302.10","ENSMUSG00000019158.10","cerebellum","other","Tmem160","protein-coding",NA,51.6799092213644,23.5524031263977,61.0557445863533,1.76174150531765,3.73534588918583,1.37387662641419,NA,13.4137154673045,12.3169818322814,13.7792933456456,2.0414465662248,1.38378472893459,0.161728915463291,NA,0.296045,0.49454,0.22988,-0.26466,0.0355397861501072,0.0355397861501072
"isoComp_00009619","geneComp_00001908","ENSMUST00000098548.8","ENSMUSG00000019194.16","cerebellum","other","Scn1b","protein-coding",NA,86.9073973018025,98.5267913558277,83.0342659504608,6.58287603981091,7.26455883050732,-0.246781937811475,NA,12.0032920460928,31.3132721700939,5.56663200475914,7.60194275706651,1.09168464364341,-2.48976895340238,NA,0.1351025,0.30818,0.07741,-0.23077,0.02362239965533,0.02362239965533
"isoComp_00009621","geneComp_00001908","ENSMUST00000211945.2","ENSMUSG00000019194.16","cerebellum","other","Scn1b","protein-coding",NA,86.9073973018025,98.5267913558277,83.0342659504608,6.58287603981091,7.26455883050732,-0.246781937811475,NA,74.5441429589872,66.7141173357887,77.1541515000534,7.02168609077251,7.05731456531322,0.209722448041984,NA,0.860675,0.68539,0.919103333333333,0.233713333333333,0.0423667820490904,0.02362239965533
"isoComp_00009919","geneComp_00001975","ENSMUST00000064225.14","ENSMUSG00000019775.18","cerebellum","other","Rgs17","protein-coding",NA,21.379485948414,10.9951822327144,24.8409205203139,1.23832557661697,1.72994419526767,1.17511625791318,NA,19.9950354231174,8.13315404975509,23.9489958809049,0.769823971041692,1.69076105224528,1.55690784602143,NA,0.91851,0.77559,0.96615,0.19056,0.0225747849678445,0.0225747849678445
"isoComp_00009921","geneComp_00001975","ENSMUST00000131996.8","ENSMUSG00000019775.18","cerebellum","other","Rgs17","protein-coding",NA,21.379485948414,10.9951822327144,24.8409205203139,1.23832557661697,1.72994419526767,1.17511625791318,NA,1.0922157320747,2.18364472592494,0.728406067457955,0.922290521927862,0.21494215514859,-1.57084357872134,NA,0.065395,0.17437,0.02907,-0.1453,0.0495884927368521,0.0225747849678445
"isoComp_00010185","geneComp_00002032","ENSMUST00000066028.13","ENSMUSG00000019876.16","cerebellum","other","Pkib","protein-coding",NA,13.9922829875356,37.3190791309262,6.21668427307205,2.83130636999601,0.853897155792697,-2.58376388565451,NA,0.463141338398487,0.114508699224627,0.579352218123107,0.114508214089053,0.244937318599268,2.24288355372491,NA,0.0802702702702703,0.003,0.108888888888889,0.105888888888889,0.025828946362106,0.025828946362106
"isoComp_00010274","geneComp_00002048","ENSMUST00000105466.3","ENSMUSG00000019916.15","cerebellum","other","P4ha1","protein-coding",NA,15.8863328889219,8.41700678997177,18.3761082552387,1.01417939430377,1.07846119433968,1.12552394742605,NA,0.317624708693871,1.27049785145041,3.27775026071556e-07,0.56144305128647,2.80944624711211e-08,-7.00051373484611,NA,0.041665,0.16666,0,-0.16666,0.0287655541557959,0.0287655541557959
"isoComp_00010298","geneComp_00002054","ENSMUST00000188568.2","ENSMUSG00000019933.8","cerebellum","other","Mrln","protein-coding",NA,14.4299763148488,56.4813970062412,0.412836084384646,3.70589828086589,0.165291969588171,-7.06178886802874,NA,0.0247463767028395,5.826234576249e-11,0.0329951689176985,5.826234576249e-11,0.023293303855553,2.10417455443163,NA,0.046875,0,0.125,0.125,0.0358017102500746,0.0358017102500746
"isoComp_00010826","geneComp_00002169","ENSMUST00000105271.9","ENSMUSG00000020151.17","cerebellum","other","Ptprr","protein-coding",NA,11.3731769024596,28.9661888086446,5.50883960039798,2.33720119213071,0.734469007493172,-2.39243099127181,NA,5.16866889829565,18.0621141310397,0.870853820714305,3.50089625027898,0.205341837996835,-4.35871885556005,NA,0.277465789473684,0.58562,0.167410714285714,-0.418209285714286,0.0306074128685648,0.00404466613729471
"isoComp_00010830","geneComp_00002169","ENSMUST00000148731.8","ENSMUSG00000020151.17","cerebellum","other","Ptprr","protein-coding",NA,11.3731769024596,28.9661888086446,5.50883960039798,2.33720119213071,0.734469007493172,-2.39243099127181,NA,0.653140477503442,4.47870852894297e-07,0.870853820714305,5.67146289860134e-08,0.205341837996835,6.46076610338483,NA,0.123355263157895,0,0.167410714285714,0.167410714285714,0.0065162438167868,0.00404466613729471
"isoComp_00010831","geneComp_00002169","ENSMUST00000155606.8","ENSMUSG00000020151.17","cerebellum","other","Ptprr","protein-coding",NA,11.3731769024596,28.9661888086446,5.50883960039798,2.33720119213071,0.734469007493172,-2.39243099127181,NA,0.709349218116915,4.47870852894297e-07,0.945798808198936,5.67146289860134e-08,0.2080406441095,6.57857045089403,NA,0.132689473684211,0,0.180078571428571,0.180078571428571,0.00404466613729471,0.00404466613729471
"isoComp_00010940","geneComp_00002188","ENSMUST00000160159.3","ENSMUSG00000020181.19","cerebellum","other","Nav3","protein-coding",NA,15.6594085894958,3.73040542788,19.6357429767011,0.979458322563473,1.26786553171644,2.39295017022245,NA,0.213642913637216,0.687447932044539,0.0557079075014422,0.289348587777622,0.0433025345162737,-3.40794661192415,NA,0.0363297297297297,0.179957142857143,0.00281666666666667,-0.177140476190476,0.0098970157356595,0.0098970157356595
"isoComp_00012801","geneComp_00002592","ENSMUST00000092959.11","ENSMUSG00000020884.16","cerebellum","other","Asgr1","protein-coding",NA,9.67538059386487,31.1094155179955,2.53070228582132,2.00338043907055,0.494518679327314,-3.61451572559184,NA,9.1697757099631,30.2136828846656,2.15513998506226,1.85796230606357,0.445240844130464,-3.80314726060542,NA,0.905555172413793,0.9732,0.869952631578947,-0.103247368421053,0.0289811595685492,0.0289811595685492
"isoComp_00013804","geneComp_00002783","ENSMUST00000040766.9","ENSMUSG00000021248.10","cerebellum","other","Tmed10","protein-coding",NA,58.0695607084808,63.3699320379103,56.3027702653376,7.42790809749781,1.89905443588007,-0.170563987766171,NA,18.3595366106301,31.6215297269,13.9388722385402,5.88514973108265,1.1852649426319,-1.18121484208795,NA,0.3005,0.45966,0.247446666666667,-0.212213333333333,0.0136961566710331,0.0136961566710331
"isoComp_00013805","geneComp_00002783","ENSMUST00000222529.2","ENSMUSG00000021248.10","cerebellum","other","Tmed10","protein-coding",NA,58.0695607084808,63.3699320379103,56.3027702653376,7.42790809749781,1.89905443588007,-0.170563987766171,NA,39.4001333732276,31.5352608772706,42.0217575385466,1.77693046655825,1.8067075575396,0.414056501543574,NA,0.6943025,0.53814,0.746356666666667,0.208216666666667,0.0267399353975556,0.0136961566710331
"isoComp_00014993","geneComp_00003007","ENSMUST00000022212.9","ENSMUSG00000021701.9","cerebellum","other","Plk2","protein-coding",NA,75.3579488172299,9.73429379757599,97.2325004904478,1.9041329612919,3.35396121893146,3.31895745393428,NA,75.081233642918,9.52097830321609,96.9346520894854,1.99356599613755,3.41318664718261,3.34646510320103,NA,0.970246153846154,0.883344444444444,0.996316666666667,0.112972222222222,0.018701834056361,0.00932303262004152
"isoComp_00014994","geneComp_00003007","ENSMUST00000223756.2","ENSMUSG00000021701.9","cerebellum","other","Plk2","protein-coding",NA,75.3579488172299,9.73429379757599,97.2325004904478,1.9041329612919,3.35396121893146,3.31895745393428,NA,0.0533289722104772,0.213315493464331,1.31792526048179e-07,0.172152258161447,2.15232788633757e-08,-4.48099242912155,NA,0.0269205128205128,0.116655555555556,0,-0.116655555555556,0.00932303262004152,0.00932303262004152
"isoComp_00015291","geneComp_00003074","ENSMUST00000159027.8","ENSMUSG00000021816.12","cerebellum","other","Ppp3cb","protein-coding",NA,101.892132037212,53.5352526712933,118.011091825851,4.62097534746907,5.13862897285785,1.14021413380163,NA,95.1926106205863,42.9628930583537,112.602516474664,5.46806548865699,5.06187859728453,1.38986837481544,NA,0.910345,0.78253,0.95295,0.17042,0.0461758528031053,0.00593177438890398
"isoComp_00015934","geneComp_00003202","ENSMUST00000022650.9","ENSMUSG00000022064.11","cerebellum","other","Pibf1","protein-coding",NA,6.93088844748893,9.8626027453096,5.95365034821537,2.13465594449503,0.673149429688269,-0.727234802883123,NA,2.82994828038003,1.31707676587096,3.33423878521639,0.586331841473231,0.467308190587485,1.33342603532635,NA,0.458794285714286,0.1237,0.558081481481482,0.434381481481481,0.0355397861501072,0.0018314729048978
"isoComp_00015936","geneComp_00003202","ENSMUST00000227969.2","ENSMUSG00000022064.11","cerebellum","other","Pibf1","protein-coding",NA,6.93088844748893,9.8626027453096,5.95365034821537,2.13465594449503,0.673149429688269,-0.727234802883123,NA,2.36376061449482,7.18517550651449,0.756622317154933,1.71167135199986,0.271230413466396,-3.23044197579028,NA,0.236774285714286,0.704475,0.0981962962962963,-0.606278703703704,0.0018314729048978,0.0018314729048978
"isoComp_00016454","geneComp_00003311","ENSMUST00000227337.2","ENSMUSG00000022263.11","cerebellum","other","Trio","protein-coding",NA,45.1475814696312,49.8240027214463,43.5887743856929,3.72917233112366,2.33383362835481,-0.192842877845689,NA,3.7129159413689,13.5515909174324,0.433357616014389,1.53457412018294,0.142976532985327,-4.93491176308484,NA,0.0749825,0.26908,0.0102833333333333,-0.258796666666667,5.74082110201696e-07,5.74082110201696e-07
"isoComp_00016776","geneComp_00003378","ENSMUST00000109553.10","ENSMUSG00000022389.16","cerebellum","other","Tef","protein-coding",NA,70.7413362866866,53.9807101352509,76.3282116704984,4.8127484757199,4.31107768881019,0.499694197239859,NA,65.387799729796,45.435916319941,72.038427533081,4.20813557130669,4.04919578719734,0.664816281200708,NA,0.917794871794872,0.83863,0.945093103448276,0.106463103448276,0.0106377892366342,0.0106377892366342
"isoComp_00017033","geneComp_00003428","ENSMUST00000023112.12","ENSMUSG00000022474.16","cerebellum","other","Pmm1","protein-coding",NA,186.922977713862,221.187653367779,175.501419162556,17.2427524543581,9.84018450276287,-0.333771181926688,NA,134.071796298952,133.055135747235,134.410683149524,20.8931288384772,8.22660345071403,0.014622519166478,NA,0.7129925,0.57519,0.758926666666667,0.183736666666667,0.0372942424858943,0.00595291807551891
"isoComp_00017043","geneComp_00003428","ENSMUST00000230229.2","ENSMUSG00000022474.16","cerebellum","other","Pmm1","protein-coding",NA,186.922977713862,221.187653367779,175.501419162556,17.2427524543581,9.84018450276287,-0.333771181926688,NA,40.9653309412059,72.2533879478599,30.5359786056546,5.27858625093088,1.95687375955594,-1.24228243372057,NA,0.22061,0.34598,0.17882,-0.16716,0.00595291807551891,0.00595291807551891
"isoComp_00018301","geneComp_00003652","ENSMUST00000125969.2","ENSMUSG00000022884.17","cerebellum","other","Eif4a2","protein-coding",NA,177.21515044951,181.856234228618,175.66812252314,7.08550880861145,5.50531567601228,-0.0499431718152588,NA,17.0039027072994,36.4573722650743,10.5194128547078,5.10930289417264,1.26507184189089,-1.79218125645184,NA,0.0946825,0.20072,0.0593366666666667,-0.141383333333333,0.00263998288312638,0.00263998288312638
"isoComp_00018434","geneComp_00003673","ENSMUST00000113906.9","ENSMUSG00000022940.18","cerebellum","other","Pigp","protein-coding",NA,98.5911262792217,104.162520146624,96.7339949900874,7.52457730932851,4.72914916996773,-0.106730737301229,NA,50.4162604194917,39.0581618461966,54.2022932772568,3.44604175366023,3.2082507831545,0.472626658367489,NA,0.512945,0.37474,0.559013333333333,0.184273333333333,0.0233259139863191,0.0233259139863191
"isoComp_00018475","geneComp_00003680","ENSMUST00000023672.10","ENSMUSG00000022951.18","cerebellum","other","Rcan1","protein-coding",NA,14.4220488970109,8.96239169731399,16.2419346302432,0.856971600200498,1.19850391284193,0.857046957798201,NA,0.260909576988665,1.04363795610995,1.17281569878834e-07,0.38675856253808,9.89205793102887e-09,-6.71921849281249,NA,0.0297410256410256,0.11599,0,-0.11599,0.0371150628852648,0.0371150628852648
"isoComp_00019130","geneComp_00003798","ENSMUST00000217213.2","ENSMUSG00000023345.18","cerebellum","other","Poc1a","protein-coding",NA,21.5340776511157,4.35346035159754,27.2609500842884,0.807982518083487,2.1241507043575,2.64382036939736,NA,0.18394963619426,0.486353174475843,0.083148456767066,0.168786184228868,0.0469497332122763,-2.41376324660869,NA,0.0308025641025641,0.113711111111111,0.00593,-0.107781111111111,0.0237825949239611,0.0237825949239611
"isoComp_00020634","geneComp_00004075","ENSMUST00000221880.2","ENSMUSG00000024302.17","cerebellum","other","Dtna","protein-coding",NA,47.8308672603571,55.5167957687096,45.2688910909062,2.95409071771919,2.22700219936179,-0.294345520044017,NA,16.8534110804757,10.057452551238,19.1187305902216,1.17273007735063,1.41451732048698,0.926042464810011,NA,0.3629175,0.17954,0.424043333333333,0.244503333333333,0.0355397861501072,0.0355397861501072
"isoComp_00020874","geneComp_00004122","ENSMUST00000134756.2","ENSMUSG00000024410.16","cerebellum","other","Rmc1","protein-coding",NA,43.7590803456278,10.9912147804894,54.6817022006739,1.509664078984,3.47822682849517,2.31365912621945,NA,1.34523954244023,1.80309195757844,1.1926220707275,0.448089619955578,0.321013275926381,-0.592268758006567,NA,0.0650575,0.18425,0.0253266666666667,-0.158923333333333,0.0472260643961803,0.00182658350989446
"isoComp_00020875","geneComp_00004122","ENSMUST00000139151.8","ENSMUSG00000024410.16","cerebellum","other","Rmc1","protein-coding",NA,43.7590803456278,10.9912147804894,54.6817022006739,1.509664078984,3.47822682849517,2.31365912621945,NA,38.3485970715433,5.2993049815421,49.3650277682103,0.855612705358833,3.29869699804482,3.21718663808904,NA,0.7972175,0.49983,0.896346666666667,0.396516666666667,0.00182658350989446,0.00182658350989446
"isoComp_00022807","geneComp_00004477","ENSMUST00000026128.10","ENSMUSG00000025135.13","cerebellum","other","Anapc11","protein-coding",NA,279.727030673803,431.955754785151,228.984122636687,10.7659841861261,9.61734304045684,-0.915606372914497,NA,216.48746538079,405.608491529887,153.447123331092,10.8813349301771,6.25540970457189,-1.40228780824659,NA,0.7407025,0.93866,0.674716666666667,-0.263943333333333,1.11317418560368e-08,1.11317418560368e-08
"isoComp_00022808","geneComp_00004477","ENSMUST00000093140.5","ENSMUSG00000025135.13","cerebellum","other","Anapc11","protein-coding",NA,279.727030673803,431.955754785151,228.984122636687,10.7659841861261,9.61734304045684,-0.915606372914497,NA,62.897428886315,25.8816567294563,75.2360196052679,1.98088823176458,4.12489404989603,1.5391279856981,NA,0.258085,0.06025,0.32403,0.26378,5.45861939521142e-08,1.11317418560368e-08
"isoComp_00023299","geneComp_00004573","ENSMUST00000223999.2","ENSMUSG00000025290.18","cerebellum","other","Rps24","protein-coding",NA,2638.98937489739,2879.41337991605,2558.84803989117,69.5642430329594,61.682237582952,-0.170279821232665,NA,394.295178556365,702.013850884891,291.72228778019,17.9096806857243,11.8805992260468,-1.26687497927935,NA,0.14669,0.24417,0.114196666666667,-0.129973333333333,3.02082480060764e-07,3.02082480060764e-07
"isoComp_00023437","geneComp_00004605","ENSMUST00000106233.2","ENSMUSG00000025372.17","cerebellum","other","Baiap2","protein-coding",NA,96.7878653778594,48.0281387645467,113.041107582297,2.75118086809472,8.10116672366309,1.2347229664181,NA,6.19332980204181,11.567974260414,4.40178164925109,2.12522394401448,0.778696283945186,-1.39194955934056,NA,0.086585,0.23134,0.0383333333333333,-0.193006666666667,0.000163745400172492,0.000163745400172492
"isoComp_00023660","geneComp_00004648","ENSMUST00000211044.2","ENSMUSG00000025468.16","cerebellum","other","Caly","protein-coding",NA,177.784824529794,84.5220150494628,208.872427689904,12.1316603343106,17.8821327816663,1.30512138428413,NA,71.2166575293252,7.13884856374083,92.57592718452,3.05888864780457,7.59942517336032,3.6950101276951,NA,0.3542525,0.07286,0.44805,0.37519,0.0151808448112022,0.00326087776876181
"isoComp_00023661","geneComp_00004648","ENSMUST00000211283.2","ENSMUSG00000025468.16","cerebellum","other","Caly","protein-coding",NA,177.784824529794,84.5220150494628,208.872427689904,12.1316603343106,17.8821327816663,1.30512138428413,NA,77.0903686763516,67.9993048317788,80.1207232912091,9.8112735970778,10.0661282047133,0.236623353949793,NA,0.47107,0.79815,0.362043333333333,-0.436106666666667,0.00326087776876181,0.00326087776876181
"isoComp_00024219","geneComp_00004753","ENSMUST00000115108.4","ENSMUSG00000025739.14","cerebellum","other","Gng13","protein-coding",NA,1714.40000564059,6030.33664839715,275.754458055074,394.05568653113,23.7948881280686,-4.45073250440686,NA,198.383569655406,65.5426436178347,242.663878334596,2.86469431960612,24.1362577258905,1.8882929556944,NA,0.656115,0.01131,0.87105,0.85974,3.43878459596822e-13,7.73782962513524e-14
"isoComp_00024220","geneComp_00004753","ENSMUST00000172002.8","ENSMUSG00000025739.14","cerebellum","other","Gng13","protein-coding",NA,1714.40000564059,6030.33664839715,275.754458055074,394.05568653113,23.7948881280686,-4.45073250440686,NA,1516.01643598519,5964.79400477931,33.090579720478,394.956084173216,3.39327387524317,-7.49347443902706,NA,0.343885,0.98869,0.12895,-0.85974,7.73782962513524e-14,7.73782962513524e-14
"isoComp_00024435","geneComp_00004795","ENSMUST00000026973.14","ENSMUSG00000025855.14","cerebellum","other","Prkar1b","protein-coding",NA,196.023310575268,104.100017490697,226.664408270124,4.74686704492642,21.0234092702153,1.12251262702161,NA,180.401541248111,75.4899071652947,215.372085942383,7.30035841708886,19.0440014486987,1.51235148542558,NA,0.90097,0.71857,0.96177,0.2432,0.0267399353975556,0.0267399353975556
"isoComp_00024437","geneComp_00004795","ENSMUST00000110890.8","ENSMUSG00000025855.14","cerebellum","other","Prkar1b","protein-coding",NA,196.023310575268,104.100017490697,226.664408270124,4.74686704492642,21.0234092702153,1.12251262702161,NA,8.60176222489451,20.0234309926015,4.7945393023255,4.00770857233215,2.15930580817519,-2.05993951750512,NA,0.0603225,0.20014,0.0137166666666667,-0.186423333333333,0.0376825663140707,0.0267399353975556
"isoComp_00025051","geneComp_00004914","ENSMUST00000027256.12","ENSMUSG00000026087.12","cerebellum","other","Mrpl30","protein-coding",NA,306.854943541151,331.855130948242,298.521547738787,11.1936235632754,10.6453624618996,-0.152713655125189,NA,189.70289186267,148.130188727037,203.560459574548,6.95115697831901,6.6936352009471,0.458565144610069,NA,0.62606,0.44582,0.68614,0.24032,3.10070213010179e-05,1.1319269347994e-05
"isoComp_00025054","geneComp_00004914","ENSMUST00000193673.6","ENSMUSG00000026087.12","cerebellum","other","Mrpl30","protein-coding",NA,306.854943541151,331.855130948242,298.521547738787,11.1936235632754,10.6453624618996,-0.152713655125189,NA,110.123926634827,170.380095524961,90.0385370047819,6.35656296313055,4.89662073342999,-0.920066734346105,NA,0.3519,0.51392,0.297893333333333,-0.216026666666667,1.1319269347994e-05,1.1319269347994e-05
"isoComp_00025322","geneComp_00004965","ENSMUST00000113805.8","ENSMUSG00000026179.15","cerebellum","other","Pnkd","protein-coding",NA,161.33172501527,210.326850652488,145.00001646953,7.36479565060804,6.05796615812437,-0.536549073016412,NA,120.569282769639,180.93220267916,100.448309466466,7.41370147470967,5.19750796302967,-0.848932036812527,NA,0.7282875,0.85915,0.684666666666667,-0.174483333333333,0.00123966746788401,0.00123966746788401
"isoComp_00025644","geneComp_00005023","ENSMUST00000027503.14","ENSMUSG00000026281.16","cerebellum","other","Dtymk","protein-coding",NA,38.1199874146489,38.1787624722504,38.1003957287818,4.65050661281909,2.10040923501921,-0.00296358058450846,NA,14.1901897351632,21.445606740416,11.7717174000789,2.46034606373156,0.88922494291169,-0.864804845857261,NA,0.3760075,0.5766,0.309143333333333,-0.267456666666667,0.0102122597303267,0.00863802857029867
"isoComp_00025645","geneComp_00005023","ENSMUST00000112890.3","ENSMUSG00000026281.16","cerebellum","other","Dtymk","protein-coding",NA,38.1199874146489,38.1787624722504,38.1003957287818,4.65050661281909,2.10040923501921,-0.00296358058450846,NA,23.313564968659,15.0254278422977,26.0762773441127,2.59785691384107,1.75887623725608,0.794925157025766,NA,0.60747,0.37699,0.684296666666667,0.307306666666667,0.00863802857029867,0.00863802857029867
"isoComp_00026102","geneComp_00005118","ENSMUST00000027760.14","ENSMUSG00000026482.14","cerebellum","other","Rgl1","protein-coding",NA,21.5021087876388,5.9485167732331,26.6866394591074,1.35467997989989,1.84553254432309,2.16363299171816,NA,0.134720305195333,0.538880047257228,3.91174701184048e-07,0.481290300065525,3.16159066690931e-08,-5.77836255720687,NA,0.0256410256410256,0.111111111111111,0,-0.111111111111111,0.00832740083083212,0.00832740083083212
"isoComp_00026104","geneComp_00005118","ENSMUST00000111859.8","ENSMUSG00000026482.14","cerebellum","other","Rgl1","protein-coding",NA,21.5021087876388,5.9485167732331,26.6866394591074,1.35467997989989,1.84553254432309,2.16363299171816,NA,21.1078700003747,5.40963672362042,26.3406144259594,1.31282718632332,1.79846662140593,2.28156854546851,NA,0.966338461538462,0.888888888888889,0.989573333333333,0.100684444444444,0.0165308076396886,0.00832740083083212
"isoComp_00027088","geneComp_00005312","ENSMUST00000100244.10","ENSMUSG00000026833.19","cerebellum","other","Olfm1","protein-coding",NA,435.328450606668,211.755805533704,509.85266563099,9.81287343261992,50.1709071896357,1.26763904961183,NA,179.172296255895,112.018043940693,201.557047027629,5.67193158854067,20.4135844565987,0.847399873830734,NA,0.4253625,0.52991,0.390513333333333,-0.139396666666667,0.00356961045774004,0.00356961045774004
"isoComp_00028855","geneComp_00005662","ENSMUST00000108917.8","ENSMUSG00000027525.19","cerebellum","other","Phactr3","protein-coding",NA,58.3493157376049,61.7206927722535,57.2255233927221,4.65785058363934,3.23969804223531,-0.109077144258049,NA,19.1521915430338,46.7406442296239,9.95604064750379,4.19649589318885,1.10991315017904,-2.22989388232867,NA,0.3197525,0.75142,0.175863333333333,-0.575556666666667,5.12958004569153e-06,5.12958004569153e-06
"isoComp_00028856","geneComp_00005662","ENSMUST00000133267.3","ENSMUSG00000027525.19","cerebellum","other","Phactr3","protein-coding",NA,58.3493157376049,61.7206927722535,57.2255233927221,4.65785058363934,3.23969804223531,-0.109077144258049,NA,16.3532144538179,2.44594307724062,20.9889715793437,1.05622334763984,2.06309740998758,3.09596964584266,NA,0.2887425,0.04364,0.370443333333333,0.326803333333333,0.0192310324494101,5.12958004569153e-06
"isoComp_00029975","geneComp_00005892","ENSMUST00000029639.12","ENSMUSG00000028007.14","cerebellum","other","Snx7","protein-coding",NA,5.77612998863037,1.06816245085128,7.34545250122341,0.245536753746769,0.879296176731883,2.77023952675386,NA,5.37766093125682,0.55219864330071,6.98614836057553,0.166655784781058,0.823681667772358,3.63740900610774,NA,0.876944444444444,0.5,0.967931034482759,0.467931034482759,0.0387222418938061,0.0215614270845176
"isoComp_00029976","geneComp_00005892","ENSMUST00000169812.8","ENSMUSG00000028007.14","cerebellum","other","Snx7","protein-coding",NA,5.77612998863037,1.06816245085128,7.34545250122341,0.245536753746769,0.879296176731883,2.77023952675386,NA,0.398469057373551,0.515963807550566,0.359304140647879,0.146868704500533,0.187963893688981,-0.510154090504418,NA,0.123055555555556,0.5,0.0320689655172414,-0.467931034482759,0.0215614270845176,0.0215614270845176
"isoComp_00030160","geneComp_00005926","ENSMUST00000176514.8","ENSMUSG00000028059.17","cerebellum","other","Arhgef2","protein-coding",NA,43.901408742113,39.8686189050828,45.245672021123,2.12527453686787,2.21692091916742,0.182483174055701,NA,0.982341560264371,3.92936624105748,1.16386072051533e-16,1.06929082101167,1.16367784490219e-16,-8.62181973965261,NA,0.0253875,0.10155,0,-0.10155,0.000912311647252155,0.000912311647252155
"isoComp_00030338","geneComp_00005956","ENSMUST00000029753.14","ENSMUSG00000028108.17","cerebellum","other","Ecm1","protein-coding",NA,5.86696705783689,15.2530615888873,2.7382688808201,1.22317518072062,0.395949489611764,-2.47344931438325,NA,2.17465580834337,7.32027037051359,0.459450954286633,0.641641765811103,0.141185701878587,-3.96482006602771,NA,0.235015151515152,0.47931,0.1288,-0.35051,0.0220725871861018,0.00816242228288863
"isoComp_00030339","geneComp_00005956","ENSMUST00000117507.10","ENSMUSG00000028108.17","cerebellum","other","Ecm1","protein-coding",NA,5.86696705783689,15.2530615888873,2.7382688808201,1.22317518072062,0.395949489611764,-2.47344931438325,NA,2.17465580834337,7.32027037051359,0.459450954286633,0.641641765811102,0.141185701878587,-3.96482006602771,NA,0.235015151515152,0.47931,0.1288,-0.35051,0.0220725871861018,0.00816242228288863
"isoComp_00030340","geneComp_00005956","ENSMUST00000144958.3","ENSMUSG00000028108.17","cerebellum","other","Ecm1","protein-coding",NA,5.86696705783689,15.2530615888873,2.7382688808201,1.22317518072062,0.395949489611764,-2.47344931438325,NA,1.51765544115015,0.612520847860085,1.81936697224684,0.397537308417563,0.305212804843594,1.55515045159714,NA,0.529975757575758,0.0414,0.7424,0.701,0.00816242228288863,0.00816242228288863
"isoComp_00030599","geneComp_00006008","ENSMUST00000124408.2","ENSMUSG00000028207.19","cerebellum","other","Asph","protein-coding",NA,80.4835341889609,135.619589566627,62.1048490630721,7.69567638599148,3.08924477064459,-1.12666185486118,NA,15.2554359324926,43.2587757466622,5.92098932776942,3.04724029644351,0.747066010477741,-2.86698162058808,NA,0.14965,0.31999,0.09287,-0.22712,7.53206795752602e-05,7.53206795752602e-05
"isoComp_00031252","geneComp_00006156","ENSMUST00000030207.15","ENSMUSG00000028484.17","cerebellum","other","Psip1","protein-coding",NA,94.9926392722305,67.4612393314249,104.169772585832,4.72951925371741,6.74469426397796,0.626730625907049,NA,20.5060758033597,29.0479558399887,17.6587824578166,3.88784556295384,1.45317486618437,-0.717730587968606,NA,0.2346375,0.41635,0.174066666666667,-0.242283333333333,0.00181683015819337,0.00181683015819337
"isoComp_00031347","geneComp_00006171","ENSMUST00000106908.9","ENSMUSG00000028525.17","cerebellum","other","Pde4b","protein-coding",NA,27.5279445120953,25.3932235793919,28.2395181563297,2.32880693178721,3.88367707205509,0.153214678593704,NA,24.5577996004619,19.0594368438194,26.3905871860094,1.62657710675832,3.69388597537439,0.46930777870395,NA,0.87498125,0.75777,0.928259090909091,0.170489090909091,0.0152496247855254,0.0152496247855254
"isoComp_00032197","geneComp_00006330","ENSMUST00000174073.8","ENSMUSG00000028797.21","cerebellum","other","Tmem234","protein-coding",NA,56.3295601713086,65.6824807726896,53.2119199708483,3.60644822302594,2.22921293264023,-0.303707691420762,NA,3.65096087725804,9.07583392911253,1.84266985997321,1.21446778917461,0.258720766967579,-2.29401311556982,NA,0.05976,0.13881,0.03341,-0.1054,0.000996288904423235,0.000996288904423235
"isoComp_00032483","geneComp_00006394","ENSMUST00000212761.2","ENSMUSG00000028906.18","cerebellum","other","Epb41","protein-coding",NA,41.1295358798,99.0332566070614,21.8282956373796,6.76273843735132,2.51603957916771,-2.18119848609873,NA,10.8991752914321,18.3269563976494,8.42324825602635,1.6132481649845,1.32926137625138,-1.12059386767758,NA,0.297565,0.18549,0.334923333333333,0.149433333333333,0.0152496247855254,0.0152496247855254
"isoComp_00034029","geneComp_00006687","ENSMUST00000117971.2","ENSMUSG00000029438.10","cerebellum","other","Bcl7a","protein-coding",NA,21.2507685657808,25.0485021274509,19.9848573785575,2.48033035635577,1.21971489363401,-0.325671189531054,NA,1.79049999292861,4.86655618297756,0.765147929578965,0.950103491148917,0.232555550408682,-2.65331911184231,NA,0.07299,0.19195,0.0333366666666667,-0.158613333333333,0.00511321628038276,0.00511321628038276
"isoComp_00034570","geneComp_00006785","ENSMUST00000197044.2","ENSMUSG00000029614.14","cerebellum","other","Rpl6","protein-coding",NA,625.878754675061,817.123655738289,562.130454320652,38.8528096107285,23.0889519184117,-0.539641432435162,NA,195.882675043426,369.393055439081,138.045881578207,52.2146449187857,10.9275823710519,-1.41994344711646,NA,0.2953,0.44628,0.244973333333333,-0.201306666666667,0.0189222154595765,0.0189222154595765
"isoComp_00034810","geneComp_00006825","ENSMUST00000031695.15","ENSMUSG00000029684.15","cerebellum","other","Wasl","protein-coding",NA,50.5819320904291,44.7736506603808,52.5180259004453,2.16876658610298,2.78682623948222,0.230115228214153,NA,42.2425018646379,23.3523323309482,48.5392250425345,1.47745418308072,2.95998698903296,1.0552639571582,NA,0.8175025,0.53052,0.913163333333333,0.382643333333333,0.0001365731499832,5.72436059531561e-05
"isoComp_00034812","geneComp_00006825","ENSMUST00000201867.2","ENSMUSG00000029684.15","cerebellum","other","Wasl","protein-coding",NA,50.5819320904291,44.7736506603808,52.5180259004453,2.16876658610298,2.78682623948222,0.230115228214153,NA,8.3394302239473,21.4213183260361,3.97880085658436,2.46780770810512,0.497901291168357,-2.42569359581189,NA,0.1824975,0.46948,0.0868366666666667,-0.382643333333333,5.72436059531561e-05,5.72436059531561e-05
"isoComp_00035503","geneComp_00006961","ENSMUST00000049966.6","ENSMUSG00000030058.18","cerebellum","other","Copg1","protein-coding",NA,105.096013945815,114.39152254509,101.99751107939,6.49346449440421,3.23961499187337,-0.165430867249173,NA,36.4629558937036,68.427236262698,25.8081957707055,6.90161419473671,1.79520523001745,-1.40639331424939,NA,0.335945,0.5851,0.252893333333333,-0.332206666666667,0.000121920331212794,0.000121920331212794
"isoComp_00035504","geneComp_00006961","ENSMUST00000113607.10","ENSMUSG00000030058.18","cerebellum","other","Copg1","protein-coding",NA,105.096013945815,114.39152254509,101.99751107939,6.49346449440421,3.23961499187337,-0.165430867249173,NA,65.7611950485822,41.5955792938531,73.8164003001586,2.55461040887587,2.97897398682147,0.827359809648719,NA,0.6359525,0.37208,0.72391,0.35183,0.000234447434763898,0.000121920331212794
"isoComp_00036528","geneComp_00007160","ENSMUST00000032705.13","ENSMUSG00000030494.14","cerebellum","other","Rhpn2","protein-coding",NA,7.13325736501828,5.59637496686716,7.64555149773532,1.01393788014929,1.40347671236119,0.449438073414532,NA,2.75145735283161,5.42463507130561,1.86039811334028,1.03658883958357,0.318701655781421,-1.53883778365982,NA,0.502464705882353,0.96667,0.309045833333333,-0.657624166666667,0.00647428279725202,0.00647428279725202
"isoComp_00036530","geneComp_00007160","ENSMUST00000187997.2","ENSMUSG00000030494.14","cerebellum","other","Rhpn2","protein-coding",NA,7.13325736501828,5.59637496686716,7.64555149773532,1.01393788014929,1.40347671236119,0.449438073414532,NA,4.29330815748151,0,5.72441087664201,0,1.176558160319,9.16350146869168,NA,0.477926470588235,0,0.6770625,0.6770625,0.00946003744887057,0.00647428279725202
"isoComp_00038044","geneComp_00007447","ENSMUST00000141084.3","ENSMUSG00000031099.17","cerebellum","other","Smarca1","protein-coding",NA,9.29429593650822,4.10186346710346,11.0251067596431,0.928970518240694,0.849955544668638,1.42423632081628,NA,0.151640725863616,0.516012146585962,0.0301835856228338,0.271063895599378,0.0301835856228338,-3.71041790628307,NA,0.0329054054054054,0.14385,0.0023,-0.14155,0.0102058667418958,0.0102058667418958
"isoComp_00038237","geneComp_00007493","ENSMUST00000123419.2","ENSMUSG00000031197.12","cerebellum","other","Vbp1","protein-coding",NA,58.4974553983879,70.4700961381856,54.5065751517886,5.64548272887925,4.08317844035045,-0.370520960371709,NA,7.5465940520744,16.4140339394644,4.59078075627772,1.72363623855655,0.759243575021683,-1.83585790022803,NA,0.12832,0.24445,0.08961,-0.15484,0.0466243482837911,0.0466243482837911
"isoComp_00039241","geneComp_00007725","ENSMUST00000125295.8","ENSMUSG00000031626.19","cerebellum","other","Sorbs2","protein-coding",NA,42.96806576301,14.7480599127152,52.374734379775,1.49307144372168,3.29045424089006,1.82764337427423,NA,39.8625330323287,11.616051538135,49.2780268637266,1.4803208985179,3.20931517610095,2.08387601794059,NA,0.8969425,0.77303,0.938246666666667,0.165216666666667,0.0353374582226527,0.00304225772128796
"isoComp_00039418","geneComp_00007757","ENSMUST00000126174.2","ENSMUSG00000031683.17","cerebellum","other","Lsm6","protein-coding",NA,286.37983799817,489.987317257309,218.510678245124,20.2751777724369,8.55342666066539,-1.16500404447579,NA,22.5405360398905,76.9958192805252,4.38877495967889,7.7493169707606,0.834234897582099,-4.12979377316873,NA,0.053675,0.15554,0.01972,-0.13582,4.26617866094925e-05,4.26617866094925e-05
"isoComp_00039419","geneComp_00007757","ENSMUST00000130325.8","ENSMUSG00000031683.17","cerebellum","other","Lsm6","protein-coding",NA,286.37983799817,489.987317257309,218.510678245124,20.2751777724369,8.55342666066539,-1.16500404447579,NA,154.097585646071,221.127869106854,131.75415782581,9.35124346022583,5.93595167699794,-0.746988117699351,NA,0.56388,0.45206,0.601153333333333,0.149093333333333,8.28436304814381e-05,4.26617866094925e-05
"isoComp_00039467","geneComp_00007767","ENSMUST00000165740.9","ENSMUSG00000031708.18","cerebellum","other","Tecr","protein-coding",NA,658.792688666374,959.898220152226,558.42417817109,75.5957227299696,32.1292811807264,-0.781509229460194,NA,395.852719784315,671.368504447878,304.01412489646,57.9718784065124,21.6214349602603,-1.14294053812551,NA,0.5737625,0.69546,0.533196666666667,-0.162263333333333,0.00430769651040952,0.00430769651040952
"isoComp_00040026","geneComp_00007876","ENSMUST00000056051.11","ENSMUSG00000031883.14","cerebellum","other","Car7","protein-coding",NA,12.3690632662212,32.3514097822018,5.7082810942276,2.77785054736304,0.65064047951608,-2.50062101268909,NA,8.70844226179031,26.9226113563501,2.63705256360371,2.23442866831863,0.42241221074408,-3.34689537032954,NA,0.550064864864865,0.8345,0.444718518518519,-0.389781481481482,0.015680694954806,0.015680694954806
"isoComp_00041912","geneComp_00008267","ENSMUST00000085133.13","ENSMUSG00000032570.18","cerebellum","other","Atp2c1","protein-coding",NA,47.1432489570806,31.8774935370257,52.2318340970989,2.82776202747322,2.93042994439304,0.712214846234976,NA,6.53259904940008,15.7702786759644,3.45337250721199,4.06962954576696,1.17871926798941,-2.18787321142695,NA,0.1716275,0.48305,0.06782,-0.41523,0.0335548887467287,0.0335548887467287
"isoComp_00041964","geneComp_00008273","ENSMUST00000194260.2","ENSMUSG00000032579.15","cerebellum","other","Hemk1","protein-coding",NA,13.4119937399602,23.1798455342542,10.1560431418622,4.06260505383837,1.27366076097427,-1.18973495202834,NA,5.02563146888198,14.2800205090958,1.94083512214404,3.18096396391479,0.766306082069664,-2.87284423039402,NA,0.249787179487179,0.56052,0.142637931034483,-0.417882068965517,0.0472010856985124,0.0472010856985124
"isoComp_00042820","geneComp_00008439","ENSMUST00000140863.2","ENSMUSG00000033066.18","cerebellum","other","Gas7","protein-coding",NA,32.5578829162836,85.7986493881352,14.8109607589998,6.77980541993817,1.28370131017894,-2.53348410420542,NA,15.0938695706923,53.8617682822496,2.17123666683991,5.44057533932482,0.396614859717597,-4.62631120309479,NA,0.260731578947368,0.62034,0.1323,-0.48804,6.11870765970888e-05,6.11870765970888e-05
"isoComp_00042824","geneComp_00008439","ENSMUST00020183803.1","ENSMUSG00000033066.18","cerebellum","other","Gas7","protein-coding",NA,32.5578829162836,85.7986493881352,14.8109607589998,6.77980541993817,1.28370131017894,-2.53348410420542,NA,1.68933275426091,0.180032032649888,2.19243299479791,0.180032019195703,0.35021609876946,3.53478359701994,NA,0.1195,0.00238,0.161328571428571,0.158948571428571,0.00842834651305836,6.11870765970888e-05
"isoComp_00046440","geneComp_00009231","ENSMUST00000143085.8","ENSMUSG00000035632.17","cerebellum","other","Cnot3","protein-coding",NA,55.0357601921318,39.6616010729681,60.1604798985196,4.21168955153452,5.47399135909521,0.600949240059627,NA,6.69545508468933,13.0574516501085,4.57478956288293,1.99140239546809,0.873531144025522,-1.51105039906399,NA,0.1530875,0.33627,0.0920266666666667,-0.244243333333333,0.0371150628852648,0.0355397861501072
"isoComp_00046443","geneComp_00009231","ENSMUST00000206331.2","ENSMUSG00000035632.17","cerebellum","other","Cnot3","protein-coding",NA,55.0357601921318,39.6616010729681,60.1604798985196,4.21168955153452,5.47399135909521,0.600949240059627,NA,46.1890934904059,24.7275714305198,53.3429341770346,3.44206335341404,5.55864222830021,1.10886374201557,NA,0.8050475,0.60936,0.870276666666667,0.260916666666667,0.0355397861501072,0.0355397861501072
"isoComp_00047035","geneComp_00009357","ENSMUST00000221176.2","ENSMUSG00000036095.12","cerebellum","other","Dgkb","protein-coding",NA,61.9732233505989,9.33225994775468,79.520211151547,1.55327711955387,9.46656597983116,3.08965950756392,NA,1.27104304190336,1.08498096821333,1.33306373313337,0.675639039290381,0.312069662970884,0.294621972717717,NA,0.0413875,0.11818,0.01579,-0.10239,0.0258781041195421,0.0258781041195421
"isoComp_00047284","geneComp_00009419","ENSMUST00000113669.9","ENSMUSG00000036315.14","cerebellum","other","Polr1h","protein-coding",NA,88.8225207072512,111.896560073249,81.1311742519186,5.70079616008235,4.13371315975507,-0.463788524924833,NA,26.0195768166308,22.0603151997827,27.3393306889135,1.51754560323288,2.27757205198804,0.309398293070986,NA,0.2968975,0.19817,0.329806666666667,0.131636666666667,0.0370355307931453,0.0370355307931453
"isoComp_00047285","geneComp_00009419","ENSMUST00000172518.8","ENSMUSG00000036315.14","cerebellum","other","Polr1h","protein-coding",NA,88.8225207072512,111.896560073249,81.1311742519186,5.70079616008235,4.13371315975507,-0.463788524924833,NA,60.1889056388199,85.0678058950749,51.8959388867349,5.18856858167804,2.57034774099835,-0.712883211659023,NA,0.674355,0.75777,0.64655,-0.11122,0.0391004124729146,0.0370355307931453
"isoComp_00047676","geneComp_00009489","ENSMUST00000040624.7","ENSMUSG00000036568.8","cerebellum","other","Bicral","protein-coding",NA,21.1930139464891,28.6324982715573,18.713185838133,3.72006636993019,1.29533066903049,-0.613331396466225,NA,18.6474484587322,19.399318879659,18.39682498509,1.23968972555317,1.29578786996801,-0.0765086952701803,NA,0.918435,0.72718,0.982186666666667,0.255006666666667,0.008770646884293,0.00364979800282553
"isoComp_00047678","geneComp_00009489","ENSMUST00000233455.2","ENSMUSG00000036568.8","cerebellum","other","Bicral","protein-coding",NA,21.1930139464891,28.6324982715573,18.713185838133,3.72006636993019,1.29533066903049,-0.613331396466225,NA,2.5455654831841,9.23317938912325,0.316360847871048,2.87455649495387,0.108163179664493,-4.82384928401721,NA,0.081565,0.27282,0.0178133333333333,-0.255006666666667,0.00364979800282553,0.00364979800282553
"isoComp_00047691","geneComp_00009490","ENSMUST00000206305.2","ENSMUSG00000036570.15","cerebellum","other","Fxyd1","protein-coding",NA,347.670226577223,767.838799969245,207.614035446548,36.1476573099531,12.675571477461,-1.88684878642625,NA,153.919411296163,254.824612609035,120.284344191873,11.9027126639703,7.06751635122689,-1.08299242947795,NA,0.5188525,0.33386,0.580516666666667,0.246656666666667,1.94180511242726e-07,1.94180511242726e-07
"isoComp_00047839","geneComp_00009518","ENSMUST00000045054.11","ENSMUSG00000036667.15","cerebellum","other","Tcaf1","protein-coding",NA,85.2216492041098,58.2331614586666,94.2178117859242,3.88714915380447,4.41938171186076,0.694064273340146,NA,75.1941488493946,40.9295489809885,86.6156821388632,3.36024972962422,4.32901624567057,1.0812995991783,NA,0.8615675,0.69927,0.915666666666667,0.216396666666667,0.000145483850716128,0.000145483850716128
"isoComp_00047845","geneComp_00009518","ENSMUST00000153952.2","ENSMUSG00000036667.15","cerebellum","other","Tcaf1","protein-coding",NA,85.2216492041098,58.2331614586666,94.2178117859242,3.88714915380447,4.41938171186076,0.694064273340146,NA,5.02976472432216,10.2519141866345,3.28904823688472,1.5868813089326,0.403351549506005,-1.63717808895106,NA,0.0713025,0.17396,0.0370833333333333,-0.136876666666667,0.00167175899235213,0.000145483850716128
"isoComp_00048083","geneComp_00009564","ENSMUST00000043898.8","ENSMUSG00000036835.8","cerebellum","other","Psenen","protein-coding",NA,42.3579284515048,56.3000958929714,37.7105393043493,3.31654401232707,2.36960100127311,-0.578043304822478,NA,26.4720626000846,41.1705570598862,21.5725644468174,3.48064286763497,1.3356079747085,-0.93209704933469,NA,0.635245,0.72555,0.605143333333333,-0.120406666666667,0.0355397861501072,0.0355397861501072
"isoComp_00050622","geneComp_00010112","ENSMUST00000043843.12","ENSMUSG00000038366.16","cerebellum","other","Lasp1","protein-coding",NA,93.7534732239004,169.789579895217,68.4081043334617,11.5307492400932,3.05690352643752,-1.31138285260099,NA,48.5847381132874,54.5710230388232,46.5893098047754,4.66916463661621,3.12591384847112,-0.228090849120783,NA,0.5828175,0.32544,0.66861,0.34317,0.000412689016564996,0.000145483850716128
"isoComp_00050629","geneComp_00010112","ENSMUST00000143571.2","ENSMUSG00000038366.16","cerebellum","other","Lasp1","protein-coding",NA,93.7534732239004,169.789579895217,68.4081043334617,11.5307492400932,3.05690352643752,-1.31138285260099,NA,44.9112787913826,114.883206964861,21.5873027335563,9.79420694811055,1.19451251152961,-2.41137044953404,NA,0.41423,0.6726,0.328106666666667,-0.344493333333333,0.000145483850716128,0.000145483850716128
"isoComp_00051541","geneComp_00010296","ENSMUST00000169897.2","ENSMUSG00000038843.19","cerebellum","other","Gcnt1","protein-coding",NA,3.65568627938727,10.3032594554134,1.43982855404521,1.15443579607646,0.356192957446578,-2.83054614847212,NA,0.57788473831333,1.65973709807372e-07,0.770512929093204,2.54383198051014e-08,0.205816480857503,6.28632668059449,NA,0.324074074074074,0,0.514705882352941,0.514705882352941,0.000234447434763898,0.000234447434763898
"isoComp_00051966","geneComp_00010398","ENSMUST00000046614.10","ENSMUSG00000039131.16","cerebellum","other","Gipc2","protein-coding",NA,7.37128079764983,23.0557168172427,2.14313545778553,2.74225051480978,0.5025669551687,-3.42123913786097,NA,0.982511902873268,1.08358254554142,0.94882168865055,0.464537576874808,0.297005810244519,-0.189727673278056,NA,0.249919230769231,0.03398,0.38488125,0.35090125,0.00673210445647426,0.00673210445647426
"isoComp_00052190","geneComp_00010437","ENSMUST00000133641.2","ENSMUSG00000039220.17","cerebellum","other","Ppp1r10","protein-coding",NA,28.2639640918788,31.6074775444652,27.1494596076833,2.14666765324749,1.65425260785929,-0.219267498939934,NA,3.16540143638138,6.67661821698388,1.99499584284721,1.44457528832037,0.373132062374686,-1.73767750131751,NA,0.104355,0.20279,0.0715433333333333,-0.131246666666667,0.029639562755545,0.029639562755545
"isoComp_00052940","geneComp_00010593","ENSMUST00000198894.2","ENSMUSG00000039706.12","cerebellum","other","Ldb2","protein-coding",NA,18.0106825499957,0.903391927861166,23.7131127573739,0.403106891194796,1.92988991115525,4.69891547110331,NA,0.118343681904731,0.0972382513969979,0.125378825407309,0.065794831365474,0.0796414415848385,0.33618250436546,NA,0.0382685714285714,0.22764,0.00670666666666667,-0.220933333333333,0.0412782777027161,0.0412782777027161
"isoComp_00053380","geneComp_00010693","ENSMUST00000101558.10","ENSMUSG00000040003.19","cerebellum","other","Magi2","protein-coding",NA,38.6147273097642,23.4876521647053,43.6570856914505,2.48314501434677,2.15915429465266,0.894029636966428,NA,34.2491455201959,12.3192217779949,41.5591201009296,1.01009406892511,2.08785013979385,1.75343047104349,NA,0.86128,0.59103,0.951363333333333,0.360333333333333,0.00943666302122106,0.00218959288900016
"isoComp_00053384","geneComp_00010693","ENSMUST00000197443.5","ENSMUSG00000040003.19","cerebellum","other","Magi2","protein-coding",NA,38.6147273097642,23.4876521647053,43.6570856914505,2.48314501434677,2.15915429465266,0.894029636966428,NA,2.63429113133725,8.70054552242214,0.61220633430895,2.6555015673532,0.302102421582715,-3.80729808721847,NA,0.092185,0.322,0.01558,-0.30642,0.00218959288900016,0.00218959288900016
"isoComp_00054318","geneComp_00010892","ENSMUST00000139490.8","ENSMUSG00000040591.19","cerebellum","other","Cstpp1","protein-coding",NA,73.5840195872751,70.9753016849156,74.4535922213949,3.21550594190332,1.82386697059958,0.0690148862670134,NA,20.7267624066006,31.1829913373796,17.2413527630076,2.52072116865616,1.40704508582765,-0.854512415434491,NA,0.286205,0.4419,0.234306666666667,-0.207593333333333,0.0442203135468166,0.0442203135468166
"isoComp_00054595","geneComp_00010944","ENSMUST00000036328.9","ENSMUSG00000040721.10","cerebellum","other","Zfhx2","protein-coding",NA,18.4287788846396,23.5698278388945,16.7150958998879,1.41727571747355,1.4579597162248,-0.495538701799511,NA,15.8700740117987,16.6767658675238,15.601176726557,1.864891280297,1.39364815194301,-0.0961250792770418,NA,0.8787625,0.69209,0.940986666666667,0.248896666666667,0.0319527780846168,0.0115573485402954
"isoComp_00054597","geneComp_00010944","ENSMUST00000185430.2","ENSMUSG00000040721.10","cerebellum","other","Zfhx2","protein-coding",NA,18.4287788846396,23.5698278388945,16.7150958998879,1.41727571747355,1.4579597162248,-0.495538701799511,NA,1.8884284048626,5.83051776729797,0.574398617384146,0.818495889218552,0.154477366383635,-3.32107160100585,NA,0.088685,0.2634,0.0304466666666667,-0.232953333333333,0.0115573485402954,0.0115573485402954
"isoComp_00054834","geneComp_00010995","ENSMUST00000109844.11","ENSMUSG00000040856.18","cerebellum","other","Dlk1","protein-coding",NA,1.84946942664336,0.812280750662423,2.19519898530368,0.356240815228442,0.489811074040749,1.42320588135378,NA,0.250959300548569,0.812280733954423,0.0638521560799515,0.356240807525404,0.0438182690671805,-3.47691908138198,NA,0.215095238095238,1,0.0304117647058824,-0.969588235294118,0.0134062918423161,0.0134062918423161
"isoComp_00054932","geneComp_00011014","ENSMUST00000165566.8","ENSMUSG00000040929.18","cerebellum","other","Rfx3","protein-coding",NA,20.7032699707194,12.5213147317458,23.4305883837106,2.35825546312734,2.03372121290032,0.903470999424556,NA,17.3755395649768,7.2386945843812,20.754487891842,1.3020418201234,1.99890601237592,1.5183251824203,NA,0.816266666666667,0.625533333333333,0.873486666666667,0.247953333333333,0.0304977061150092,0.0133603275451106
"isoComp_00054935","geneComp_00011014","ENSMUST00000173161.2","ENSMUSG00000040929.18","cerebellum","other","Rfx3","protein-coding",NA,20.7032699707194,12.5213147317458,23.4305883837106,2.35825546312734,2.03372121290032,0.903470999424556,NA,2.77902568530244,5.00375810859214,2.03744821087254,1.37016635911998,0.354501075002246,-1.29206543415241,NA,0.159941025641026,0.3584,0.100403333333333,-0.257996666666667,0.0133603275451106,0.0133603275451106
"isoComp_00055123","geneComp_00011053","ENSMUST00000146835.8","ENSMUSG00000041115.18","cerebellum","other","Iqsec2","protein-coding",NA,61.2857961482061,54.880580478331,63.4208680381645,2.54301738455217,4.00733993333627,0.208626489118152,NA,5.91305327608721,13.4041529134845,3.41602006362146,2.84523466539362,0.540631581532378,-1.96915044779878,NA,0.09898,0.24473,0.0503966666666667,-0.194333333333333,0.000872654795340466,0.000872654795340466
"isoComp_00056162","geneComp_00011276","ENSMUST00000112185.9","ENSMUSG00000041890.18","cerebellum","other","Git2","protein-coding",NA,65.6039268846039,85.555151419132,58.9535187064279,4.18207494980666,8.00210954361315,-0.537200720794489,NA,7.08272133698859,17.6880106973238,3.54762488354353,2.32558481351933,0.495173725268173,-2.31460090095312,NA,0.107705,0.20427,0.0755166666666667,-0.128753333333333,0.031042487787689,0.031042487787689
"isoComp_00056829","geneComp_00011418","ENSMUST00000238290.2","ENSMUSG00000042401.9","cerebellum","other","Crtac1","protein-coding",NA,22.7919074503371,1.93226802942499,29.7451205906412,0.595146867372995,2.78598747701023,3.93732375584712,NA,0.154843904539869,0.304319903651049,0.105018571502809,0.156826772430789,0.0810677509179288,-1.45036680557934,NA,0.0339216216216216,0.166685714285714,0.00294333333333333,-0.163742380952381,0.00168299292603527,0.00168299292603527
"isoComp_00057632","geneComp_00011608","ENSMUST00000097566.10","ENSMUSG00000043079.18","cerebellum","other","Synpo","protein-coding",NA,39.3336347757983,4.63386920010117,50.9002233010307,0.77316915860184,3.60128400148391,3.45455615079626,NA,1.44692898606264,0.9471279883683,1.61352931862743,0.338482832339146,0.396882101950745,0.762349676143074,NA,0.0742025,0.21033,0.0288266666666667,-0.181503333333333,0.00427421784175698,0.00427421784175698
"isoComp_00059299","geneComp_00012111","ENSMUST00000093534.11","ENSMUSG00000045636.17","cerebellum","other","Mtus1","protein-coding",NA,21.8645924497633,48.576950238497,12.960473186852,3.49739557276881,1.4210488440046,-1.90533776582447,NA,5.60917628471066,19.4401466194811,0.998852839787175,3.64128841030209,0.380716220632913,-4.26899337998055,NA,0.1627,0.37738,0.0886724137931034,-0.288707586206897,0.0407878418344761,0.0407878418344761
"isoComp_00059712","geneComp_00012228","ENSMUST00000089236.11","ENSMUSG00000046204.15","cerebellum","other","Pnma2","protein-coding",NA,15.8362626084696,0.643415112908064,20.9005451069901,0.233707898751832,1.58755851694961,5.00008703770896,NA,15.7035693270771,0.48813958522041,20.7753792410294,0.183046361209429,1.58297613900717,5.38287519982194,NA,0.96674,0.8,0.99453,0.19453,0.0269371050186508,0.0136961566710331
"isoComp_00059713","geneComp_00012228","ENSMUST00000122431.3","ENSMUSG00000046204.15","cerebellum","other","Pnma2","protein-coding",NA,15.8362626084696,0.643415112908064,20.9005451069901,0.233707898751832,1.58755851694961,5.00008703770896,NA,0.0918019145921116,0.155275527687654,0.0706440435602642,0.104241881937433,0.0706440193537072,-1.03523323718663,NA,0.03158,0.2,0.00351,-0.19649,0.0136961566710331,0.0136961566710331
"isoComp_00062321","geneComp_00013038","ENSMUST00000242541.1","ENSMUSG00000050334.14","cerebellum","other","C130071C03Rik","ncRNA",NA,49.3123800052629,94.8732264453523,34.1254311918998,4.7982669345972,2.14057386103246,-1.47488309284263,NA,16.928677183005,49.4754971042784,6.07973720924723,3.55984816640687,0.90746531785406,-3.0225538933314,NA,0.270305,0.52198,0.186413333333333,-0.335566666666667,0.0098970157356595,0.00754914221590308
"isoComp_00062326","geneComp_00013038","ENSMUST00000243265.1","ENSMUSG00000050334.14","cerebellum","other","C130071C03Rik","ncRNA",NA,49.3123800052629,94.8732264453523,34.1254311918998,4.7982669345972,2.14057386103246,-1.47488309284263,NA,16.1140559901673,19.3603411860521,15.0319609248724,1.61226073531356,1.67840048165964,-0.364856711300136,NA,0.3713,0.20509,0.426703333333333,0.221613333333333,0.00754914221590308,0.00754914221590308
"isoComp_00062632","geneComp_00013131","ENSMUST00000227540.2","ENSMUSG00000050891.11","cerebellum","other","Tatdn1","protein-coding",NA,93.1452412110855,39.5428521881406,111.012704218734,3.22446442598633,11.9152171831707,1.4890011013991,NA,9.59223286034061,9.35972945836003,9.66973399433414,1.48564920167823,0.880792093869013,0.0469600097066173,NA,0.1313075,0.23081,0.09814,-0.13267,0.0261256301769879,0.0261256301769879
"isoComp_00063744","geneComp_00013425","ENSMUST00000014777.9","ENSMUSG00000052560.16","cerebellum","other","Cpne8","protein-coding",NA,26.6485647017585,32.6959626933363,24.6327653712326,6.96906506364045,2.27773689229117,-0.408389518471911,NA,22.0136786657717,31.1574676077133,18.9657490184579,6.65207635660929,1.91070366781136,-0.715884105699657,NA,0.812867567567568,0.962166666666667,0.764878571428571,-0.197288095238095,0.0434360967458939,0.0434360967458939
"isoComp_00065564","geneComp_00013787","ENSMUST00000068071.12","ENSMUSG00000054836.13","cerebellum","other","Elp6","protein-coding",NA,49.1498324432556,20.197105889923,58.8007412943665,1.78020782422513,6.13260765234062,1.54121696514107,NA,4.85258619676801,5.93627252430307,4.49135742092299,1.23476432813471,0.652724708090276,-0.401625461613363,NA,0.144031578947368,0.29584,0.0898142857142857,-0.206025714285714,0.0439277689087755,0.0248939357630874
"isoComp_00065565","geneComp_00013787","ENSMUST00000196855.2","ENSMUSG00000054836.13","cerebellum","other","Elp6","protein-coding",NA,49.1498324432556,20.197105889923,58.8007412943665,1.78020782422513,6.13260765234062,1.54121696514107,NA,39.6097042735414,9.67055609715893,49.5894203323356,1.39461999137524,6.12611902338137,2.35716142970187,NA,0.726402631578947,0.47176,0.817346428571429,0.345586428571429,0.0248939357630874,0.0248939357630874
"isoComp_00065801","geneComp_00013856","ENSMUST00000109838.10","ENSMUSG00000055254.16","cerebellum","other","Ntrk2","protein-coding",NA,107.006685897967,78.0017316381111,116.675003984586,4.18100223463982,4.64656878536607,0.580856159803199,NA,55.2063487167662,55.325312586834,55.1666940934103,2.55392829069234,2.67450365588997,-0.00414141916110951,NA,0.5389825,0.7139,0.480676666666667,-0.233223333333333,0.0459129371323506,0.0459129371323506
"isoComp_00066506","geneComp_00014027","ENSMUST00000128727.8","ENSMUSG00000056367.15","cerebellum","other","Actr3b","protein-coding",NA,35.3648162381287,13.4226739485853,42.6788636679765,3.21654776724784,3.32783972153932,1.66811323951438,NA,33.7938151820767,11.0656768581625,41.3698612900481,2.73558100193185,3.14061182953125,1.901533941494,NA,0.942891176470588,0.822842857142857,0.974014814814815,0.151171957671958,0.0372942424858943,0.0372942424858943
"isoComp_00066647","geneComp_00014065","ENSMUST00000048665.8","ENSMUSG00000056608.15","cerebellum","other","Chd9","protein-coding",NA,121.236390457545,275.821365094499,69.7080655785609,20.2143236010232,4.47505616954171,-1.98418207103566,NA,16.4877878886415,19.22048786168,15.5768878976286,2.88853451748807,1.50466320316559,-0.303062457086102,NA,0.2064375,0.07416,0.25053,0.17637,0.00981286184244051,0.00347576374774126
"isoComp_00066652","geneComp_00014065","ENSMUST00000209474.2","ENSMUSG00000056608.15","cerebellum","other","Chd9","protein-coding",NA,121.236390457545,275.821365094499,69.7080655785609,20.2143236010232,4.47505616954171,-1.98418207103566,NA,98.1530145495907,244.980077020639,49.2106603925745,19.7143449197544,4.28722508505921,-2.31538739642476,NA,0.729525,0.88464,0.67782,-0.20682,0.00347576374774126,0.00347576374774126
"isoComp_00067571","geneComp_00014265","ENSMUST00000074733.11","ENSMUSG00000058013.12","cerebellum","other","Septin11","protein-coding",NA,38.5706798766762,41.212528318064,37.6900637295469,2.83135435418722,2.35896265599559,-0.128866030711741,NA,12.4281408116963,20.860360361313,9.61740096182405,1.5054757584413,1.03188212417596,-1.11623722918824,NA,0.31638,0.51221,0.251103333333333,-0.261106666666667,0.0134845809298297,0.0134845809298297
"isoComp_00067573","geneComp_00014265","ENSMUST00000201421.4","ENSMUSG00000058013.12","cerebellum","other","Septin11","protein-coding",NA,38.5706798766762,41.212528318064,37.6900637295469,2.83135435418722,2.35896265599559,-0.128866030711741,NA,19.3567824130177,12.3177404098859,21.703129747395,1.81700945568955,1.6142674998351,0.816659304241815,NA,0.5044025,0.29283,0.574926666666667,0.282096666666667,0.0233259139863191,0.0134845809298297
"isoComp_00068166","geneComp_00014404","ENSMUST00000025202.8","ENSMUSG00000058975.8","cerebellum","other","Kcnc1","protein-coding",NA,76.3538890726209,164.556526405226,46.9530099617524,10.0406147855719,3.37179493321053,-1.8090741327411,NA,16.0926845131571,18.9983504825653,15.124129190021,1.81226909250939,0.872874728498478,-0.328827676782721,NA,0.290565,0.11552,0.348913333333333,0.233393333333333,0.000875879847656206,0.000322930270079923
"isoComp_00068168","geneComp_00014404","ENSMUST00000160433.3","ENSMUSG00000058975.8","cerebellum","other","Kcnc1","protein-coding",NA,76.3538890726209,164.556526405226,46.9530099617524,10.0406147855719,3.37179493321053,-1.8090741327411,NA,60.1534363126343,145.339809565056,31.7579785618272,9.12977526416071,2.99639195904277,-2.19388398377437,NA,0.70821,0.88284,0.65,-0.23284,0.000322930270079923,0.000322930270079923
"isoComp_00068280","geneComp_00014429","ENSMUST00000090756.11","ENSMUSG00000059173.20","cerebellum","other","Pde1a","protein-coding",NA,41.8849814182835,0.728156179404496,55.6039231645765,0.267040136822274,4.84449667272194,6.2353762077008,NA,0.836050310511411,0.134463744253454,1.06991249926406,0.07039088152363,0.208298482049968,2.90213504837579,NA,0.0421514285714286,0.16666,0.0214,-0.14526,0.0465368940588352,0.000618916860304859
"isoComp_00068281","geneComp_00014429","ENSMUST00000102651.10","ENSMUSG00000059173.20","cerebellum","other","Pde1a","protein-coding",NA,41.8849814182835,0.728156179404496,55.6039231645765,0.267040136822274,4.84449667272194,6.2353762077008,NA,0.119102204845743,0.102177851380629,0.124743656000781,0.0681585424946904,0.0614571554048572,0.264429494157105,NA,0.0219257142857143,0.13332,0.00336,-0.12996,0.011654393742779,0.000618916860304859
"isoComp_00068282","geneComp_00014429","ENSMUST00000102652.10","ENSMUSG00000059173.20","cerebellum","other","Pde1a","protein-coding",NA,41.8849814182835,0.728156179404496,55.6039231645765,0.267040136822274,4.84449667272194,6.2353762077008,NA,0.836050310511411,0.134463744253454,1.06991249926406,0.07039088152363,0.208298482049968,2.90213504837578,NA,0.0421514285714286,0.16666,0.0214,-0.14526,0.0465368940588352,0.000618916860304859
"isoComp_00068288","geneComp_00014429","ENSMUST00000146076.8","ENSMUSG00000059173.20","cerebellum","other","Pde1a","protein-coding",NA,41.8849814182835,0.728156179404496,55.6039231645765,0.267040136822274,4.84449667272194,6.2353762077008,NA,0.17738782689425,0.129143571491298,0.193469245361901,0.129143571491298,0.119536402229646,0.548236488846117,NA,0.0208685714285714,0.13334,0.00212333333333333,-0.131216666666667,0.000618916860304859,0.000618916860304859
"isoComp_00068529","geneComp_00014486","ENSMUST00000085941.12","ENSMUSG00000059518.15","cerebellum","other","Znhit1","protein-coding",NA,140.55807399392,117.662113610804,148.190060788292,7.85124875800646,6.28616415742319,0.332773573931652,NA,35.0637096767888,49.1992168645131,30.3518739475474,3.85502683472712,1.83796880290854,-0.69666771977304,NA,0.2621425,0.41888,0.209896666666667,-0.208983333333333,0.000996288904423235,0.000637339240321557
"isoComp_00068533","geneComp_00014486","ENSMUST00000156963.8","ENSMUSG00000059518.15","cerebellum","other","Znhit1","protein-coding",NA,140.55807399392,117.662113610804,148.190060788292,7.85124875800646,6.28616415742319,0.332773573931652,NA,100.110346054358,61.4057073220737,113.011892298452,4.90407610921066,5.53797331217615,0.879922666056092,NA,0.697835,0.51988,0.757153333333333,0.237273333333333,0.000637339240321557,0.000637339240321557
"isoComp_00069779","geneComp_00014776","ENSMUST00000120555.8","ENSMUSG00000061576.16","cerebellum","other","Dpp6","protein-coding",NA,38.8122895029033,62.5913804554487,30.8859258520548,3.61620731274441,2.17119899237077,-1.01877786408031,NA,9.56405533845499,30.7355691438982,2.50688406997391,5.5631574589659,0.802917599032941,-3.61066784212424,NA,0.1927825,0.50586,0.0884233333333333,-0.417436666666667,0.0380235889568123,0.0380235889568123
"isoComp_00069796","geneComp_00014780","ENSMUST00000030691.17","ENSMUSG00000061601.16","cerebellum","other","Pclo","protein-coding",NA,111.406496792279,106.587506107857,113.012827020419,4.75332088085805,5.88449551258472,0.0844404945812352,NA,24.8404190978819,46.4571539679058,17.6348408078739,5.62789861379629,1.6242267283326,-1.39696487084959,NA,0.2279725,0.43086,0.160343333333333,-0.270516666666667,0.000770609076848421,0.000770609076848421
"isoComp_00069957","geneComp_00014813","ENSMUST00000102792.10","ENSMUSG00000061859.18","cerebellum","other","Patj","protein-coding",NA,15.188470452956,55.6319891353342,1.70729755882993,3.72265987447205,0.373712680621825,-5.01796205130924,NA,13.1307541715938,51.0098688750539,0.504382603773756,4.66299153205269,0.135605350843519,-6.63207352879673,NA,0.502303333333333,0.90695,0.29998,-0.60697,0.0444331269963208,0.000105299907524122
"isoComp_00071123","geneComp_00015094","ENSMUST00000123087.9","ENSMUSG00000063714.17","cerebellum","other","Sp3os","ncRNA",NA,39.5243418549014,54.9416195395675,34.3852492933461,2.58515758813027,1.9191290845165,-0.675952688864129,NA,26.9948278358805,43.3857565977607,21.5311849152538,1.69386537826264,1.46577662533269,-1.01045636701103,NA,0.66311,0.79478,0.61922,-0.17556,0.0355397861501072,0.0355397861501072
"isoComp_00071128","geneComp_00015094","tx.141","ENSMUSG00000063714.17","cerebellum","other","Sp3os","ncRNA",NA,39.5243418549014,54.9416195395675,34.3852492933461,2.58515758813027,1.9191290845165,-0.675952688864129,NA,6.69942624614347,4.01064094404141,7.59568801351082,0.875497119702487,0.620003756126382,0.919653255951805,NA,0.191285,0.07423,0.230303333333333,0.156073333333333,0.0465649318331214,0.0355397861501072
"isoComp_00071172","geneComp_00015110","ENSMUST00000213058.2","ENSMUSG00000063810.8","cerebellum","other","Alms1","protein-coding",NA,3.59794055484562,10.0919397967809,1.43327414086719,1.79636923455313,0.275578849015031,-2.80721508722399,NA,0.132613494623501,4.92351340089111e-08,0.176817976419624,1.88831960165134e-08,0.0838675952487709,4.22355427575147,NA,0.0925925925925926,0,0.138888888888889,0.138888888888889,0.0483191464136184,0.0272343611818677
"isoComp_00071485","geneComp_00015173","ENSMUST00000066701.13","ENSMUSG00000064215.14","cerebellum","other","Ifi27","protein-coding",NA,63.9364040683609,77.166713028464,59.5263010816598,10.0902818958054,5.90961916118506,-0.374396009056106,NA,14.5471630932993,26.7783132809094,10.4701130307627,3.81189600891326,1.76472316862912,-1.35394946832373,NA,0.2114425,0.34435,0.16714,-0.17721,0.0471059240689882,0.0471059240689882
"isoComp_00071995","geneComp_00015453","ENSMUST00000163134.8","ENSMUSG00000066392.13","cerebellum","other","Nrxn3","protein-coding",NA,87.5177616673068,122.142121074392,75.9763085316116,7.57080678768439,3.80111355572525,-0.684867517628812,NA,68.6888303684816,75.9307972090804,66.2748414216154,4.74044683042852,3.28740272337154,-0.19619616376973,NA,0.811366666666667,0.62604,0.875272413793103,0.249232413793103,0.000345866821427038,1.08940405751066e-06
"isoComp_00072004","geneComp_00015453","ENSMUST00000238943.2","ENSMUSG00000066392.13","cerebellum","other","Nrxn3","protein-coding",NA,87.5177616673068,122.142121074392,75.9763085316116,7.57080678768439,3.80111355572525,-0.684867517628812,NA,10.1981431383022,34.6012451541888,2.06377579967333,3.68605902895891,0.39558686626701,-4.0609090091463,NA,0.0910410256410256,0.28257,0.0249965517241379,-0.257573448275862,1.08940405751066e-06,1.08940405751066e-06
"isoComp_00072200","geneComp_00015517","ENSMUST00000086471.12","ENSMUSG00000066900.12","cerebellum","other","Suds3","protein-coding",NA,39.5900690082969,38.9884886176942,39.7905958051644,2.49039783486479,2.31628380981634,0.029371814157339,NA,36.4710944539501,31.62548487304,38.0862976475868,2.40174204339204,2.27278879942997,0.268107089562197,NA,0.919375,0.80661,0.956963333333333,0.150353333333333,0.0191904418267708,0.0191904418267708
"isoComp_00073810","geneComp_00016062","ENSMUST00000095852.5","ENSMUSG00000071424.11","cerebellum","other","Grid2","protein-coding",NA,20.0727090317413,63.4715805000854,5.60641854229333,4.16191939448957,0.722228441331988,-3.49861569124174,NA,17.8705488213134,58.3872558425717,4.36497981422729,3.87199429357944,0.607176079885412,-3.73855231111478,NA,0.820681578947368,0.92067,0.784971428571429,-0.135698571428571,0.00136024026463353,0.000545696798304305
"isoComp_00073816","geneComp_00016062","ENSMUST00000210324.2","ENSMUSG00000071424.11","cerebellum","other","Grid2","protein-coding",NA,20.0727090317413,63.4715805000854,5.60641854229333,4.16191939448957,0.722228441331988,-3.49861569124174,NA,1.56369712865325,3.32095396621343,0.977944849466522,0.537238899205882,0.227164682046123,-1.75343300321107,NA,0.139447368421053,0.05264,0.17045,0.11781,0.00148677677227954,0.000545696798304305
"isoComp_00073832","geneComp_00016064","ENSMUST00000173524.8","ENSMUSG00000071454.14","cerebellum","other","Dtnb","protein-coding",NA,18.6050614772897,9.91934435993934,21.5003005164064,1.20894493600979,1.51265512996962,1.11525731646031,NA,0.686562716732502,1.86048163716348,0.295256409922176,0.479619976238597,0.140435417139608,-2.61531630772184,NA,0.0500675,0.16185,0.0128066666666667,-0.149043333333333,0.0056818247592037,0.0056818247592037
"isoComp_00074671","geneComp_00016349","ENSMUST00000143709.2","ENSMUSG00000073684.14","cerebellum","other","Faap20","protein-coding",NA,26.6658416274458,43.3607783473713,21.1008627208039,4.13350805782199,1.59914296201688,-1.03873779719189,NA,2.96831413984271,0.219774387090871,3.88449405742666,0.163105465240116,0.651508409497827,4.08314602156353,NA,0.127307692307692,0.0062,0.169068965517241,0.162868965517241,0.0334100265451218,0.0334100265451218
"isoComp_00076308","geneComp_00016948","ENSMUST00000107583.3","ENSMUSG00000078695.9","cerebellum","other","Cisd3","protein-coding",NA,71.8053256918972,104.284986396196,60.9787721237977,6.11566878493242,3.63932537685368,-0.774054231400885,NA,47.1213113365529,81.1912726255425,35.7646575735564,4.53114584930823,2.70959546420013,-1.18256438031368,NA,0.6231325,0.78257,0.569986666666667,-0.212583333333333,0.00510512835465588,0.00510512835465588
"isoComp_00076309","geneComp_00016948","ENSMUST00000107584.8","ENSMUSG00000078695.9","cerebellum","other","Cisd3","protein-coding",NA,71.8053256918972,104.284986396196,60.9787721237977,6.11566878493242,3.63932537685368,-0.774054231400885,NA,20.5288314966074,18.2267054973633,21.2962068296888,2.0593983493696,1.35774327325569,0.22442864432534,NA,0.31538,0.17263,0.362963333333333,0.190333333333333,0.0174880271719853,0.00510512835465588
"isoComp_00076572","geneComp_00017020","ENSMUST00000022135.15","ENSMUSG00000078941.10","cerebellum","other","Taf9","protein-coding",NA,81.5099156788999,86.6638970834062,79.7919218773978,8.90735135710138,4.00830023921892,-0.119174081965984,NA,26.4967190743887,38.4738056988603,22.5043568662314,4.16214731167273,1.42589581686242,-0.773406208630168,NA,0.32521,0.44537,0.285156666666667,-0.160213333333333,0.0147634925102095,0.0147634925102095
"isoComp_00076572","geneComp_00017020","ENSMUST00000022135.15","ENSMUSG00000078941.10","cerebellum","other","Ak6","protein-coding",NA,81.5099156788999,86.6638970834062,79.7919218773978,8.90735135710138,4.00830023921892,-0.119174081965984,NA,26.4967190743887,38.4738056988603,22.5043568662314,4.16214731167273,1.42589581686242,-0.773406208630168,NA,0.32521,0.44537,0.285156666666667,-0.160213333333333,0.0147634925102095,0.0147634925102095
"isoComp_00076572","geneComp_00017020","ENSMUST00000022135.15","ENSMUSG00000078941.10","cerebellum","other","Taf9","protein-coding",NA,81.5099156788999,86.6638970834062,79.7919218773978,8.90735135710138,4.00830023921892,-0.119174081965984,NA,26.4967190743887,38.4738056988603,22.5043568662314,4.16214731167273,1.42589581686242,-0.773406208630168,NA,0.32521,0.44537,0.285156666666667,-0.160213333333333,0.0147634925102095,0.0147634925102095
"isoComp_00076572","geneComp_00017020","ENSMUST00000022135.15","ENSMUSG00000078941.10","cerebellum","other","Ak6","protein-coding",NA,81.5099156788999,86.6638970834062,79.7919218773978,8.90735135710138,4.00830023921892,-0.119174081965984,NA,26.4967190743887,38.4738056988603,22.5043568662314,4.16214731167273,1.42589581686242,-0.773406208630168,NA,0.32521,0.44537,0.285156666666667,-0.160213333333333,0.0147634925102095,0.0147634925102095
"isoComp_00082084","geneComp_00020051","ENSMUST00000164181.2","ENSMUSG00000090841.3","cerebellum","other","Myl6","protein-coding",NA,655.631467361493,897.936122067977,574.863249125999,19.8457538590993,14.707905338388,-0.643384985350136,NA,326.346299754443,273.703327236648,343.893957260374,11.3096754086201,9.72281348469268,0.329340034929095,NA,0.5248225,0.30479,0.598166666666667,0.293376666666667,4.2558793326556e-10,4.10304035446529e-10
"isoComp_00082089","geneComp_00020051","ENSMUST00000218127.2","ENSMUSG00000090841.3","cerebellum","other","Myl6","protein-coding",NA,655.631467361493,897.936122067977,574.863249125999,19.8457538590993,14.707905338388,-0.643384985350136,NA,284.577514913474,555.644090794764,194.22198961971,19.3902032509986,6.10106267870979,-1.5164062176747,NA,0.408025,0.61874,0.337786666666667,-0.280953333333333,4.10304035446529e-10,4.10304035446529e-10
"isoComp_00083266","geneComp_00020740","ENSMUST00000041639.7","ENSMUSG00000096054.4","cerebellum","other","Syne1","protein-coding",NA,151.362385470656,207.733342802165,132.572066360153,10.2540540380797,5.93233289385994,-0.647916602839343,NA,41.8206169479485,5.35831246518804,53.974718442202,1.28357392783714,3.72900884772915,3.33001052676632,NA,0.3187775,0.02508,0.416676666666667,0.391596666666667,0.00482221681143595,0.00197994565120073
"isoComp_00083270","geneComp_00020740","ENSMUST00000215295.2","ENSMUSG00000096054.4","cerebellum","other","Syne1","protein-coding",NA,151.362385470656,207.733342802165,132.572066360153,10.2540540380797,5.93233289385994,-0.647916602839343,NA,104.676806576986,190.620414844538,76.0289371544686,11.5606287817135,5.24630951949916,-1.32596804604779,NA,0.65091,0.91605,0.56253,-0.35352,0.00197994565120073,0.00197994565120073
"isoComp_00083445","geneComp_00020852","ENSMUST00000098757.4","ENSMUSG00000096914.4","cerebellum","other","Galntl6","protein-coding",NA,4.98026232043359,2.89523890524169,5.67527012549755,0.865993310442222,0.808514151986726,0.968572092815755,NA,0.596382073489354,2.33526861210846,0.0167532272829856,0.873816985402658,0.0167532179929824,-6.453896422532,NA,0.193510714285714,0.759314285714286,0.00490952380952381,-0.754404761904762,0.0058168199180664,0.0058168199180664
"isoComp_00084085","geneComp_00020998","ENSMUST00000182174.9","ENSMUSG00000097248.11","cerebellum","other","Gm2694","ncRNA",NA,113.37453721823,410.033629916632,14.488172985429,12.1330524427717,1.26510094949074,-4.82183441225967,NA,64.3585619694805,251.244152561172,2.06336510558321,12.7331923093848,0.355335666499692,-6.9210294425004,NA,0.264772972972973,0.61001,0.136907407407407,-0.473102592592593,4.26633326663464e-06,5.6552173773776e-07
"isoComp_00084087","geneComp_00020998","ENSMUST00000182758.3","ENSMUSG00000097248.11","cerebellum","other","Gm2694","ncRNA",NA,113.37453721823,410.033629916632,14.488172985429,12.1330524427717,1.26510094949074,-4.82183441225967,NA,21.9883404069575,56.9066715218653,10.3488967019883,3.42308379226978,0.893533626002982,-2.45798094208061,NA,0.569702702702703,0.13927,0.729122222222222,0.589852222222222,5.6552173773776e-07,5.6552173773776e-07
"isoComp_00084663","geneComp_00021155","ENSMUST00000193208.2","ENSMUSG00000097589.11","cerebellum","other","Dleu2","ncRNA",NA,71.6167223520391,61.4739185844142,74.9976569412474,5.54140445198016,5.68986370188775,0.286828760564147,NA,64.5801283650003,48.835647783676,69.828288558775,5.54996367299438,5.5901029265718,0.515788183292911,NA,0.887723076923077,0.77927,0.925120689655172,0.145850689655172,0.0371150628852648,0.0216808668433772
"isoComp_00085225","geneComp_00021389","ENSMUST00000182477.3","ENSMUSG00000098087.3","cerebellum","other","Gm17750","ncRNA",NA,38.5936724636415,63.8313983467179,30.1810971692827,5.08336907316796,3.02143804314353,-1.08036906537382,NA,31.6857308982859,45.4280429135783,27.1049602265218,4.66400606449872,2.93385385223586,-0.744811642942712,NA,0.838965789473684,0.70271,0.887628571428571,0.184918571428571,0.0471265251515017,0.0169737393128474
"isoComp_00085231","geneComp_00021389","tx.102","ENSMUSG00000098087.3","cerebellum","other","Gm17750","ncRNA",NA,38.5936724636415,63.8313983467179,30.1810971692827,5.08336907316796,3.02143804314353,-1.08036906537382,NA,5.38953352253168,15.7507595946293,1.93579149849914,1.80087928916663,0.358041221312102,-3.01790803622982,NA,0.118121052631579,0.25519,0.0691678571428571,-0.186022142857143,0.0169737393128474,0.0169737393128474
"isoComp_00085655","geneComp_00021640","ENSMUST00000242591.1","ENSMUSG00000099696.8","cerebellum","other","2900052N01Rik","ncRNA",NA,50.4022693905214,2.23542626245455,66.4578837665437,0.922196785385452,3.86400416520054,4.88759617012281,NA,0.392752943399412,0.2479111001025,0.441033557831716,0.193719235252271,0.177882060261952,0.806360911106477,NA,0.0310444444444444,0.153116666666667,0.00663,-0.146486666666667,0.00860193074641975,0.00860193074641975
"isoComp_00086069","geneComp_00021851","ENSMUST00000189581.7","ENSMUSG00000100826.7","cerebellum","other","Ipw","ncRNA",NA,21.3667194456286,38.6878004269713,15.593025785181,3.11016559302387,1.23398812299084,-1.3104257383522,NA,5.0755166260695,4.86216112454572,5.14663512657743,0.865140809855085,0.569397575484552,0.0818681222643806,NA,0.281757894736842,0.1267,0.337135714285714,0.210435714285714,0.0282167198621153,0.0282167198621153
"isoComp_00089425","geneComp_00024529","ENSMUST00000209537.2","ENSMUSG00000110195.2","cerebellum","other","Pde2a","protein-coding",NA,68.45169524422,5.58474521622317,89.4073452535523,0.956251389724811,5.81815199891339,3.99841037606507,NA,0.72430649111212,0.84444609258574,0.68425995728758,0.244904009750399,0.373743172677482,-0.299513510685871,NA,0.05126,0.18932,0.00524,-0.18408,0.00347576374774126,0.00347576374774126
"isoComp_00089428","geneComp_00024529","ENSMUST00000210364.2","ENSMUSG00000110195.2","cerebellum","other","Pde2a","protein-coding",NA,68.45169524422,5.58474521622317,89.4073452535523,0.956251389724811,5.81815199891339,3.99841037606507,NA,0.687088926156466,0.701211340071622,0.682381454851414,0.248558434702023,0.274451349107746,-0.0387112444947096,NA,0.0475775,0.16665,0.00788666666666667,-0.158763333333333,0.0098970157356595,0.00347576374774126
"isoComp_00089722","geneComp_00024755","ENSMUST00000213180.2","ENSMUSG00000110773.2","cerebellum","other",NA,NA,NA,0.988096680357153,2.62179957981974,0.443529047202958,0.932762986376364,0.139232328712532,-2.53678276808728,NA,0.390407003448952,0.231040872186933,0.443529047202958,0.125400537282507,0.139232328712532,0.911917155761518,NA,0.655769230769231,0.105,1,0.895,0.0240800824939017,0.0240800824939017
"isoComp_00093475","geneComp_00027631","ENSMUST00000241948.1","ENSMUSG00000120218.1","cerebellum","other",NA,NA,NA,15.3553687902553,41.2125164169862,6.73631958134494,2.64542135041448,1.0434039519201,-2.61126000917846,NA,8.2067551334967,27.2524805976721,1.85817997877157,1.98125600378921,0.391958277718205,-3.86721148332778,NA,0.395794285714286,0.66244,0.289136,-0.373304,0.00904248821273145,0.00904248821273145
